{
    "Japan": {
        "min_lat": 24.396308,
        "max_lat": 45.551483,
        "min_lng": 122.93457,
        "max_lng": 153.986672,
        "density": "high"
    },
    "South Korea": {
        "min_lat": 33.068574,
        "max_lat": 38.623478,
        "min_lng": 125.887139,
        "max_lng": 129.584671,
        "density": "high"
    },
    "Thailand": {
        "min_lat": 5.610819,
        "max_lat": 20.464833,
        "min_lng": 97.343396,
        "max_lng": 105.637214,
        "density": "medium"
    },
    "Indonesia": {
        "min_lat": -10.0,
        "max_lat": 6.077427,
        "min_lng": 95.009331,
        "max_lng": 141.021805,
        "density": "medium"
    },
    "Malaysia": {
        "min_lat": 0.851165,
        "max_lat": 7.35578,
        "min_lng": 99.640679,
        "max_lng": 119.278888,
        "density": "medium"
    },
    "Philippines": {
        "min_lat": 5.581003,
        "max_lat": 18.505227,
        "min_lng": 117.174274,
        "max_lng": 126.807256,
        "density": "medium"
    },
    "Singapore": {
        "min_lat": 1.130475,
        "max_lat": 1.450475,
        "min_lng": 103.619949,
        "max_lng": 104.019949,
        "density": "high"
    },
    "Cambodia": {
        "min_lat": 10.486544,
        "max_lat": 14.570583,
        "min_lng": 102.333122,
        "max_lng": 107.627678,
        "density": "medium"
    },
    "Laos": {
        "min_lat": 14.697186,
        "max_lat": 22.490865,
        "min_lng": 100.092045,
        "max_lng": 107.634998,
        "density": "low"
    },
    "India": {
        "min_lat": 6.554607,
        "max_lat": 35.674545,
        "min_lng": 68.111378,
        "max_lng": 97.395555,
        "density": "high"
    },
    "Bangladesh": {
        "min_lat": 20.743083,
        "max_lat": 26.623544,
        "min_lng": 88.00753,
        "max_lng": 92.680497,
        "density": "high"
    },
    "Sri Lanka": {
        "min_lat": 5.870042,
        "max_lat": 9.830284,
        "min_lng": 79.649893,
        "max_lng": 81.882553,
        "density": "medium"
    },
    "Bhutan": {
        "min_lat": 26.702016,
        "max_lat": 28.246987,
        "min_lng": 88.746472,
        "max_lng": 92.125232,
        "density": "low"
    },
    "Kyrgyzstan": {
        "min_lat": 39.172843,
        "max_lat": 43.231249,
        "min_lng": 69.225836,
        "max_lng": 80.269603,
        "density": "low"
    },
    "Mongolia": {
        "min_lat": 41.598564,
        "max_lat": 52.149569,
        "min_lng": 87.749594,
        "max_lng": 119.772008,
        "density": "low"
    },
    "Kazakhstan": {
        "min_lat": 40.585338,
        "max_lat": 55.441478,
        "min_lng": 46.491859,
        "max_lng": 87.315564,
        "density": "low"
    },
    "Turkey": {
        "min_lat": 35.813357,
        "max_lat": 42.107613,
        "min_lng": 25.665545,
        "max_lng": 44.817663,
        "density": "medium"
    },
    "United Arab Emirates": {
        "min_lat": 22.631512,
        "max_lat": 26.084159,
        "min_lng": 51.583851,
        "max_lng": 56.381451,
        "density": "medium"
    },
    "Jordan": {
        "min_lat": 29.183401,
        "max_lat": 33.37362,
        "min_lng": 34.888113,
        "max_lng": 39.301154,
        "density": "medium"
    },
    "Israel": {
        "min_lat": 29.501326,
        "max_lat": 33.281682,
        "min_lng": 34.267387,
        "max_lng": 35.895023,
        "density": "high"
    },
    "Palestine": {
        "min_lat": 31.352436,
        "max_lat": 32.550882,
        "min_lng": 34.21555,
        "max_lng": 35.573923,
        "density": "high"
    },
    "Qatar": {
        "min_lat": 24.482148,
        "max_lat": 26.154655,
        "min_lng": 50.759056,
        "max_lng": 51.686924,
        "density": "high"
    },
    "Lebanon": {
        "min_lat": 33.04811,
        "max_lat": 34.693145,
        "min_lng": 35.099815,
        "max_lng": 36.623622,
        "density": "high"
    },
    "Oman": {
        "min_lat": 16.651051,
        "max_lat": 26.395934,
        "min_lng": 52.000733,
        "max_lng": 59.842835,
        "density": "low"
    },
    "Tunisia": {
        "min_lat": 30.230727,
        "max_lat": 37.346259,
        "min_lng": 7.52198,
        "max_lng": 11.482048,
        "density": "medium"
    },
    "Nigeria": {
        "min_lat": 4.272974,
        "max_lat": 13.892007,
        "min_lng": 2.691702,
        "max_lng": 14.577177,
        "density": "medium"
    },
    "Senegal": {
        "min_lat": 12.305234,
        "max_lat": 16.598264,
        "min_lng": -17.686444,
        "max_lng": -11.384878,
        "density": "medium"
    },
    "Ghana": {
        "min_lat": 4.737808,
        "max_lat": 11.174856,
        "min_lng": -3.25542,
        "max_lng": 1.199378,
        "density": "medium"
    },
    "Kenya": {
        "min_lat": -4.676925,
        "max_lat": 5.031155,
        "min_lng": 33.909821,
        "max_lng": 41.899078,
        "density": "medium"
    },
    "Uganda": {
        "min_lat": -1.478086,
        "max_lat": 4.234449,
        "min_lng": 29.573433,
        "max_lng": 35.000308,
        "density": "medium"
    },
    "Rwanda": {
        "min_lat": -2.839258,
        "max_lat": -1.047408,
        "min_lng": 28.861754,
        "max_lng": 30.899073,
        "density": "high"
    },
    "South Africa": {
        "min_lat": -34.819166,
        "max_lat": -22.125424,
        "min_lng": 16.4513,
        "max_lng": 32.895973,
        "density": "medium"
    },
    "Lesotho": {
        "min_lat": -30.675799,
        "max_lat": -28.570799,
        "min_lng": 27.00489,
        "max_lng": 29.435533,
        "density": "low"
    },
    "Eswatini": {
        "min_lat": -27.317401,
        "max_lat": -25.718502,
        "min_lng": 30.794512,
        "max_lng": 32.139931,
        "density": "low"
    },
    "Botswana": {
        "min_lat": -26.889939,
        "max_lat": -17.778137,
        "min_lng": 19.998903,
        "max_lng": 29.375304,
        "density": "low"
    },
    "United Kingdom": {
        "min_lat": 49.892485,
        "max_lat": 60.847859,
        "min_lng": -8.649357,
        "max_lng": 1.762709,
        "density": "high"
    },
    "France": {
        "min_lat": 41.3337,
        "max_lat": 51.124199,
        "min_lng": -5.142222,
        "max_lng": 9.561556,
        "density": "medium"
    },
    "Germany": {
        "min_lat": 47.270111,
        "max_lat": 55.058347,
        "min_lng": 5.866342,
        "max_lng": 15.041896,
        "density": "high"
    },
    "Netherlands": {
        "min_lat": 50.750383,
        "max_lat": 53.557079,
        "min_lng": 3.314971,
        "max_lng": 7.092053,
        "density": "high"
    },
    "Belgium": {
        "min_lat": 49.496981,
        "max_lat": 51.505208,
        "min_lng": 2.513573,
        "max_lng": 6.156658,
        "density": "high"
    },
    "Italy": {
        "min_lat": 35.491237,
        "max_lat": 47.092146,
        "min_lng": 6.627265,
        "max_lng": 18.784475,
        "density": "high"
    },
    "Spain": {
        "min_lat": 27.642217,
        "max_lat": 43.791356,
        "min_lng": -18.160447,
        "max_lng": 4.327784,
        "density": "medium"
    },
    "Portugal": {
        "min_lat": 32.289457,
        "max_lat": 42.154311,
        "min_lng": -9.52657,
        "max_lng": -6.189159,
        "density": "medium"
    },
    "Austria": {
        "min_lat": 46.372276,
        "max_lat": 49.02053,
        "min_lng": 9.530952,
        "max_lng": 17.160776,
        "density": "medium"
    },
    "Switzerland": {
        "min_lat": 45.817995,
        "max_lat": 47.808454,
        "min_lng": 5.95608,
        "max_lng": 10.49205,
        "density": "medium"
    },
    "Ireland": {
        "min_lat": 51.386087,
        "max_lat": 55.378051,
        "min_lng": -10.47897,
        "max_lng": -5.634722,
        "density": "medium"
    },
    "Malta": {
        "min_lat": 35.799994,
        "max_lat": 36.076168,
        "min_lng": 14.180644,