{
    "Japan": [
        [
            34.6202632154976,
            129.624645284919,
            "CAoSLEFGMVFpcE9MaWtsSlNDYTRXTzN5QjlBRkdhdjhrS3MtQzRWTUhGWHdodS1v"
        ],
        [
            31.80321656258743,
            130.2805347822029,
            "VSCEHO4b5bk7UcL2l6bEIA"
        ]
    ],
    "korea": [
        [
            36.6235189832795,
            126.7883551603916,
            "CAoSLEFGMVFpcE1wOS0ydXJ2SGxBbHU0Z0tmVjE5Mm9FaVY0b3FOQkVyM0hvUTR0"
        ],
        [
            35.78088181242829,
            126.498619235428,
            "CAoSLEFGMVFpcE5jTzR1dWJtaVlhREZ0Y2pEZktiMU55TFNyUk40dEhUUnk2Z3dX"
        ],
        [
            35.30529837688098,
            126.774441777019,
            "CAoSLEFGMVFpcFAwV0FacWRISTZLbEhSc3hOakZrbUd0UC10ZGZWZUZmZTN5Z2lU"
        ],
        [
            34.48770489803732,
            126.2777809358803,
            "CAoSLEFGMVFpcE5yM29TSE5yOVUyZmVlZ1RTaE4tZlpXLUtVSzNoR0J5dnpmd1lT"
        ]
    ],
    "Thailand": [
        [
            17.35649104957652,
            102.9794368793551,
            "mUoHQ0LVd5gp9Wd2lTCB5Q"
        ],
        [
            17.80900845504246,
            103.4655055780509,
            "npU218dXyNRvLae2sNOIzA"
        ],
        [
            16.94826582121056,
            101.9410822682888,
            "3q4WBqTXp7oYRjYoLtpWEQ"
        ]
    ],
    "Malaysia": [
        [
            2.023043387622272,
            111.9660667224015,
            "CAoSLEFGMVFpcE9sQkNyYjA1Z3JEMW9XYllCVmVncWY3OWl1cmFCamZtNGtWVkt1"
        ],
        [
            4.741416403028976,
            100.709996055322,
            "2U4rxz7WARdlZr0W_OyZKQ"
        ]
    ],
    "Brunei": [
        [
            4.885037139478097,
            114.8370926666362,
            "CAoSLEFGMVFpcFBFb2ZKdGVmSUZXUE5vbUpNdGxaNzBKajBYMjFTZnhLTEhrVXJP"
        ]
    ],
    "Pilipinas": [
        [
            9.833893313449456,
            122.6492783807493,
            "_EGA9qXnhL2YeQv8jo28-Q"
        ],
        [
            11.58999921668794,
            122.1023104224595,
            "CAoSLEFGMVFpcE44T0c0ZGgtM1VSR0ctb19WNkEyM1llYV9FN0lJMGJRYkxDV2pN"
        ],
        [
            8.116872696592784,
            122.8424283711276,
            "jboZx_TS_BOBVeMYW7TfyA"
        ]
    ],
    "Kingdom of Cambodia": [
        [
            10.9490816025438,
            105.385309943911,
            "2U9aY_URlC11uagV-oaGtw"
        ],
        [
            11.15758115843762,
            104.7094139501599,
            "hDk7tkx6MQZ43meO8k81wQ"
        ]
    ],
    "Indonesia": [
        [
            -3.538152570475684,
            118.9177183096109,
            "JD5RKzlLuEZ02-_-tgmpFA"
        ],
        [
            -4.358485146700083,
            121.943798904416,
            "jDFS7tYeRKQhbmyFgXvCsA"
        ],
        [
            1.918599690088422,
            99.96712348630413,
            "GTMIJeSh8uE3qUHsRJtkVQ"
        ]
    ],
    "Singapore": [
        [
            1.271525194942342,
            103.9678412406221,
            "CAoSLEFGMVFpcFBWdnZyUFo1SGlwRUx0SGN1a2pMYXkxRndHekRLMjd4d01peTZz"
        ]
    ],
    "India": [
        [
            20.26940966067086,
            85.32364726403108,
            "PTyE7ETpxsmA_8lHpUTEuw"
        ],
        [
            26.36549880755867,
            88.89860394365743,
            "JtVUL_lDgUzV6QZlItvdLg"
        ]
    ],
    "Sri Lanka": [
        [
            8.792561958011566,
            80.10507092844104,
            "KoaDx7P6zo5t4RgcS08rCw"
        ]
    ],
    "Bhutan": [
        [
            27.25450626762266,
            90.0402919103575,
            "UIWlRCJR6lmcvXCY68xIDA"
        ]
    ],
    "Kyrgyzstan": [
        [
            42.46383033556387,
            77.94194873982967,
            "CAoSLEFGMVFpcFAwY0NCSjhVMG53MW44dHRUSnRQeGJDUktQQ3BFRENBT2F2bXN6"
        ]
    ],
    "THE MOST KNOW \u182e\u1824\u1829\u182d\u1824\u182f \u1824\u182f\u1824\u1830": [
        [
            44.95305219655556,
            100.4765485027638,
            "CAoSLEFGMVFpcFA0ZEhLak5zcXgyVzVkdTFrcDdVUkhVa3A2eFBQUnlTaWQzS2pO"
        ]
    ],
    "Russia": [
        [
            55.06767059718464,
            21.48699288197028,
            "lZ9fP-DiDvnBJQb5ISn-tA"
        ],
        [
            50.07666779113725,
            85.21944426886988,
            "CAoSLEFGMVFpcE5Tc21yeHNGZW9qSTNQTUFKSEl5dllQTjFuNV9laTEtcnhmR3ZS"
        ],
        [
            54.24148523774127,
            73.63567922097441,
            "uD2ysPL-P3hamrE6E0NKAw"
        ]
    ],
    "T\u00fcrkiye": [
        [
            40.4824113734124,
            30.87200850659633,
            "CAoSLEFGMVFpcE5ZSlk4VjRSM2RTZGhUM2RFbHR6NjV3OGpnR3JJaVlfWUdEWmFY"
        ]
    ],
    "Oman": [
        [
            18.0111203706147,
            55.94934007043921,
            "1FVrNllhMmyDINC8Bt1zTg"
        ],
        [
            24.87371748682045,
            56.31795859568356,
            "pFDYJlEUn4C-15Cw3ZNVmg"
        ]
    ],
    "Israel": [
        [
            32.59195031151756,
            35.15407988403538,
            "QCBYtWCl92dCAYnYUYN3vA"
        ]
    ],
    "Lebanon": [
        [
            33.90355246923452,
            35.72198413499236,
            "CAoSLEFGMVFpcE12Yld6d1d1ZEhvWWYzX2c0b1Q2MHB3MXNTeUYzYllwbGdINVdZ"
        ],
        [
            33.21200001024076,
            35.21700001400963,
            "CAoSLEFGMVFpcE5UdzFDUVBkdkQycndYUnFiRkRuTlBWQUo5M0g0UVBfcXRnYjR0"
        ]
    ],
    "Palestinian Territory": [
        [
            32.3346689844272,
            35.54013250851921,
            "awzLXFjYZ_sQvDC4xH7Rwg"
        ]
    ],
    "Qatar": [
        [
            25.8147820474452,
            51.35907069779676,
            "lsfE1QlNj4tYgU9vWgtVKg"
        ]
    ],
    "Alg\u00e9rie \u2d4d\u2d63\u2d63\u2d30\u2d62\u2d3b\u2d54 Algeria": [
        [
            35.29279193730054,
            8.28210085997784,
            "CAoSLEFGMVFpcE42aGtUbGp0QjBfUjhDbThUanNtd0Jac2FBa1NqME1Pc2M2ODJ6"
        ]
    ],
    "Nigeria": [
        [
            6.656009228956217,
            3.79473925425487,
            "rAKgGEj6itivy-WjbPQaTw"
        ]
    ],
    "Senegal": [
        [
            12.83963791299216,
            -14.94038923927752,
            "HyQVhQfpu0Q_wwk1b4BGPA"
        ]
    ],
    "Ghana": [
        [
            6.125585008558484,
            0.8018029877104377,
            "CAoSLEFGMVFpcE5tZ2hHM1pHcU5vamJJNHN2d2hJOURrTXNaNExINXFjT3lrWnpN"
        ]
    ],
    "Kenya": [
        [
            -0.05472081932733015,
            34.11364147551954,
            "CAoSLEFGMVFpcE1IM09aNTlDenVSMW5OVDZWWjBzcUIyTHM4QTVhekRoWjd2bzFR"
        ]
    ],
    "Uganda": [
        [
            -0.9062672864840763,
            30.42094542265801,
            "CAoSLEFGMVFpcE9vTnpoVm5YNmpKWTd0OWpCdzRya05ZbDJBRFBrMWNTZjFaeUxO"
        ]
    ],
    "Rwanda": [
        [
            -1.411321726042372,
            29.85037497145428,
            "CAoSLEFGMVFpcE9yMWJrOFdsbXBqU0JsYWhOc1RPZjRISTNvX0dDbVhmMmQwMWtp"
        ]
    ],
    "Botswana": [
        [
            -24.58290854135586,
            24.48949571268662,
            "8fQqRTgeGZi4liIy20jNXw"
        ]
    ],
    "Lesotho": [
        [
            -29.1648498199044,
            28.02380451516338,
            "DfY-iAzHL7I1wxHPaKB8GQ"
        ]
    ],
    "Eswatin": [
        [
            -26.69912165248776,
            31.66251907533822,
            "783Tw2w6zIsJ7se2rmmzyA"
        ]
    ],
    "South Africa": [
        [
            -26.80701888872731,
            23.01678287352276,
            "z9FnB6sEC2-yUK5qLYilzQ"
        ]
    ],
    "United Kingdom": [
        [
            50.58037340984544,
            -3.924043929485349,
            "CAoSLEFGMVFpcE1FdXYtdkNzdHVhR05lZ1VmbFpvRVdQZFk5SlFZcGVRdDVoT2ZM"
        ]
    ],